{"class1": "saint_bernard", "class2": "samoyed", "nb_training_data": 70, "error": 0.0038461538461538464, "iteration_model": 50, "total_duration": 959.8447971343994, "training_duration": 676.8753178119659, "prediction_duration": 282.9694793224335}