{"class1": "saint_bernard", "class2": "samoyed", "nb_training_data": 110, "error": 0.005555555555555556, "iteration_model": 50, "total_duration": 3036.4984860420227, "training_duration": 2567.7198855876923, "prediction_duration": 468.77860045433044}