{"class1": "saint_bernard", "class2": "samoyed", "nb_training_data": 80, "error": 0.004166666666666667, "iteration_model": 50, "total_duration": 896.6001636981964, "training_duration": 624.1031701564789, "prediction_duration": 272.49699354171753}