{"class1": "saint_bernard", "class2": "samoyed", "nb_training_data": 90, "error": 0.004545454545454545, "iteration_model": 50, "total_duration": 933.6729202270508, "training_duration": 664.3716597557068, "prediction_duration": 269.301260471344}