{"class1": "saint_bernard", "class2": "samoyed", "nb_training_data": 100, "error": 0.005, "iteration_model": 50, "total_duration": 1038.2023816108704, "training_duration": 693.269314289093, "prediction_duration": 344.93306732177734}